{"dataset/AM Contra - Heart Peripheral": {"['bass']": 13.561614635535054, "['bass', 'vocals']": 11.158827565469519, "['bass', 'other']": 0.5250266145683707, "['bass', 'drums']": 3.133466033287333, "['bass', 'other', 'vocals']": 0.5969112232500556, "['bass', 'drums', 'vocals']": 3.1905472672246176, "['bass', 'drums', 'other']": -0.21593304301321925, "['bass', 'drums', 'other', 'vocals']": -0.18736203322722755}, "dataset/Al James - Schoolboy Facination": {"['bass']": 8.506027034843111, "['bass', 'vocals']": 6.3955632619606035, "['bass', 'other']": 6.363746791520814, "['bass', 'drums']": 6.267422058251802, "['bass', 'other', 'vocals']": 5.670393992918823, "['bass', 'drums', 'vocals']": 5.290485753202242, "['bass', 'drums', 'other']": 5.352221675646213, "['bass', 'drums', 'other', 'vocals']": 4.9043764026438925}, "dataset/Angels In Amplifiers - I'm Alright": {"['bass']": 12.541593691525348, "['bass', 'vocals']": 10.033102833167852, "['bass', 'other']": 6.568878221722173, "['bass', 'drums']": 7.09069893297912, "['bass', 'other', 'vocals']": 6.257974657141031, "['bass', 'drums', 'vocals']": 6.459272382935187, "['bass', 'drums', 'other']": 4.948865873475446, "['bass', 'drums', 'other', 'vocals']": 4.793034938615962}, "dataset/Arise - Run Run Run": {"['bass']": 13.143129851765858, "['bass', 'vocals']": 11.706934975546364, "['bass', 'other']": 5.823473505715649, "['bass', 'drums']": 11.03654313912681, "['bass', 'other', 'vocals']": 5.602633756475947, "['bass', 'drums', 'vocals']": 10.10068071145435, "['bass', 'drums', 'other']": 5.413038247580133, "['bass', 'drums', 'other', 'vocals']": 5.1850936866724044}, "dataset/BKS - Bulldozer": {"['bass']": 9.714932038300656, "['bass', 'vocals']": 8.87412896253733, "['bass', 'other']": 7.015332165202769, "['bass', 'drums']": 6.415287220916398, "['bass', 'other', 'vocals']": 6.849236133711717, "['bass', 'drums', 'vocals']": 6.255373387286751, "['bass', 'drums', 'other']": 5.368319911286107, "['bass', 'drums', 'other', 'vocals']": 5.322787145377486}, "dataset/BKS - Too Much": {"['bass']": 15.220218341818665, "['bass', 'vocals']": 13.492377356104683, "['bass', 'other']": 11.448854330215816, "['bass', 'drums']": 7.927644464633729, "['bass', 'other', 'vocals']": 11.035516227836833, "['bass', 'drums', 'vocals']": 7.878993387537861, "['bass', 'drums', 'other']": 7.388176664390378, "['bass', 'drums', 'other', 'vocals']": 7.347927830762165}, "dataset/Ben Carrigan - We'll Talk About It All Tonight": {"['bass']": 14.72057932927794, "['bass', 'vocals']": 12.684296877427663, "['bass', 'other']": 9.616765996766343, "['bass', 'drums']": 8.544065592122674, "['bass', 'other', 'vocals']": 9.22573372546318, "['bass', 'drums', 'vocals']": 8.263339342209294, "['bass', 'drums', 'other']": 7.015654432693802, "['bass', 'drums', 'other', 'vocals']": 6.845534387524324}, "dataset/Bobby Nobody - Stitch Up": {"['bass']": 14.510633517302889, "['bass', 'vocals']": 12.273125949625335, "['bass', 'other']": 4.9692194442602196, "['bass', 'drums']": 9.570326215050338, "['bass', 'other', 'vocals']": 5.0017068647571925, "['bass', 'drums', 'vocals']": 8.955301766325368, "['bass', 'drums', 'other']": 4.329317318529063, "['bass', 'drums', 'other', 'vocals']": 4.351216703612638}, "dataset/Buitraker - Revo X": {"['bass']": 12.444403504846516, "['bass', 'vocals']": 11.514704136519004, "['bass', 'other']": 8.14798817791014, "['bass', 'drums']": 5.076785192011073, "['bass', 'other', 'vocals']": 8.11263204978424, "['bass', 'drums', 'vocals']": 5.264490426113436, "['bass', 'drums', 'other']": 4.500898137451127, "['bass', 'drums', 'other', 'vocals']": 4.583125418870313}, "dataset/Carlos Gonzalez - A Place For Us": {"['bass']": 7.09678236596211, "['bass', 'vocals']": 5.353761514563877, "['bass', 'other']": 5.13894321468812, "['bass', 'drums']": 1.202588160095003, "['bass', 'other', 'vocals']": 4.128375107914465, "['bass', 'drums', 'vocals']": 0.5779781759424836, "['bass', 'drums', 'other']": 0.5228673381637408, "['bass', 'drums', 'other', 'vocals']": 0.29075523524022107}, "dataset/Cristina Vane - So Easy": {}, "dataset/Detsky Sad - Walkie Talkie": {"['bass']": 1.0054920347117389, "['bass', 'vocals']": 0.9847521026310193, "['bass', 'other']": 0.2284715873152226, "['bass', 'drums']": -0.7901574575572661, "['bass', 'other', 'vocals']": 0.22480201534692723, "['bass', 'drums', 'vocals']": -0.787821568650318, "['bass', 'drums', 'other']": -0.7559293145383033, "['bass', 'drums', 'other', 'vocals']": -0.7565596348209745}, "dataset/Enda Reilly - Cur An Long Ag Seol": {"['bass']": 10.511078612254828, "['bass', 'vocals']": 8.611683486304772, "['bass', 'other']": 7.00164117438454, "['bass', 'drums']": 3.31999186209605, "['bass', 'other', 'vocals']": 6.481435785466393, "['bass', 'drums', 'vocals']": 3.420635700757943, "['bass', 'drums', 'other']": 3.0084467719724306, "['bass', 'drums', 'other', 'vocals']": 3.066222218417996}, "dataset/Forkupines - Semantics": {"['bass']": 6.421086624218911, "['bass', 'vocals']": 6.425712797582435, "['bass', 'other']": 5.875440640421026, "['bass', 'drums']": 3.6516626332901616, "['bass', 'other', 'vocals']": 5.852372049813717, "['bass', 'drums', 'vocals']": 3.6967633458820135, "['bass', 'drums', 'other']": 3.025141209241319, "['bass', 'drums', 'other', 'vocals']": 3.0168968617707947}, "dataset/Georgia Wonder - Siren": {"['bass']": 14.17413895584775, "['bass', 'vocals']": 12.947667565866654, "['bass', 'other']": 10.974333392096696, "['bass', 'drums']": 8.464445736811502, "['bass', 'other', 'vocals']": 10.545972971880493, "['bass', 'drums', 'vocals']": 8.191759049756664, "['bass', 'drums', 'other']": 7.468201901235503, "['bass', 'drums', 'other', 'vocals']": 7.284301730291521}, "dataset/Girls Under Glass - We Feel Alright": {"['bass']": 6.261744627747302, "['bass', 'vocals']": 5.750084506547126, "['bass', 'other']": 4.645442409165264, "['bass', 'drums']": 2.8173736617369, "['bass', 'other', 'vocals']": 4.532730863399458, "['bass', 'drums', 'vocals']": 2.767590022641197, "['bass', 'drums', 'other']": 2.50421189885101, "['bass', 'drums', 'other', 'vocals']": 2.456630298780107}, "dataset/Hollow Ground - Ill Fate": {"['bass']": 5.237546627496048, "['bass', 'vocals']": 5.900953950915719, "['bass', 'other']": 0.29874408286393495, "['bass', 'drums']": 5.335403082940182, "['bass', 'other', 'vocals']": 0.3510316068300058, "['bass', 'drums', 'vocals']": 5.623132841709197, "['bass', 'drums', 'other']": 0.1745611193310469, "['bass', 'drums', 'other', 'vocals']": 0.19620311657309566}, "dataset/James Elder & Mark M Thompson - The English Actor": {"['bass']": 10.302720635278819, "['bass', 'vocals']": 8.846556689713745, "['bass', 'other']": 4.941602463397254, "['bass', 'drums']": 6.68948470063473, "['bass', 'other', 'vocals']": 4.909380767299321, "['bass', 'drums', 'vocals']": 6.47803209213417, "['bass', 'drums', 'other']": 3.5560841673162775, "['bass', 'drums', 'other', 'vocals']": 3.5745953116478084}, "dataset/Juliet's Rescue - Heartbeats": {"['bass']": 5.015299512824458, "['bass', 'vocals']": 4.749784566720792, "['bass', 'other']": 2.818645154266769, "['bass', 'drums']": 4.6616452995535775, "['bass', 'other', 'vocals']": 2.7710476456505684, "['bass', 'drums', 'vocals']": 4.485185447350594, "['bass', 'drums', 'other']": 2.362726359923595, "['bass', 'drums', 'other', 'vocals']": 2.3131404074550876}, "dataset/Little Chicago's Finest - My Own": {"['bass']": 9.072494834096421, "['bass', 'vocals']": 8.910667617307524, "['bass', 'other']": 9.213172624038231, "['bass', 'drums']": 3.6131788044609348, "['bass', 'other', 'vocals']": 9.256364883570713, "['bass', 'drums', 'vocals']": 4.015394874568838, "['bass', 'drums', 'other']": 3.649223263903715, "['bass', 'drums', 'other', 'vocals']": 4.056919761173644}, "dataset/Louis Cressy Band - Good Time": {"['bass']": 11.6397094982702, "['bass', 'vocals']": 10.696764102964988, "['bass', 'other']": 7.04451099344666, "['bass', 'drums']": 7.824362035834341, "['bass', 'other', 'vocals']": 6.840971531572291,