{"dataset/AM Contra - Heart Peripheral": {"dataset/Sambasevam Shanmugam - Kaathaadi": 8.467148872623824, "dataset/Signe Jakobsen - What Have You Done To Me": 8.142571783549716, "dataset/The Doppler Shift - Atrophy": 4.459006157125407, "dataset/Juliet's Rescue - Heartbeats": 5.7806363248033055, "dataset/The Long Wait - Dark Horses": 5.337127946858433}, "dataset/Al James - Schoolboy Facination": {"dataset/Tom McKenzie - Directions": 5.551897034084007, "dataset/Nerve 9 - Pray For The Rain": 6.683208987553534, "dataset/Girls Under Glass - We Feel Alright": 5.703502059227281, "dataset/Bobby Nobody - Stitch Up": 6.093218915048259, "dataset/Moosmusic - Big Dummy Shake": 9.935904348194208}, "dataset/Angels In Amplifiers - I'm Alright": {"dataset/Speak Softly - Like Horses": 7.810957778253575, "dataset/Zeno - Signs": 7.5330224824966585, "dataset/Ben Carrigan - We'll Talk About It All Tonight": 2.5012372302907515, "dataset/Al James - Schoolboy Facination": 5.112448255938481, "dataset/Georgia Wonder - Siren": 3.6582562619330012}, "dataset/Arise - Run Run Run": {"dataset/Moosmusic - Big Dummy Shake": 9.521295635201321, "dataset/Hollow Ground - Ill Fate": 5.337811603162108, "dataset/PR - Happy Daze": 0.1483287581026394, "dataset/Louis Cressy Band - Good Time": 6.044138554552278, "dataset/BKS - Bulldozer": 1.6570017307525702}, "dataset/BKS - Bulldozer": {"dataset/BKS - Too Much": 6.520716617230765, "dataset/M.E.R.C. Music - Knockout": 5.718927510988645, "dataset/Raft Monk - Tiring": 2.896156203065001, "dataset/The Easton Ellises - Falcon 69": 7.111435133508641, "dataset/Lyndsey Ollard - Catching Up": 7.20122733926484}, "dataset/BKS - Too Much": {"dataset/Mu - Too Bright": 7.068641327110436, "dataset/Carlos Gonzalez - A Place For Us": 6.055881094415768, "dataset/Secretariat - Over The Top": 8.050590927850667, "dataset/Buitraker - Revo X": 6.040251770438304, "dataset/Georgia Wonder - Siren": 4.575708849897586}, "dataset/Ben Carrigan - We'll Talk About It All Tonight": {"dataset/Mu - Too Bright": 6.888847589095972, "dataset/Skelpolu - Resurrection": -62.72353689719266, "dataset/Enda Reilly - Cur An Long Ag Seol": 8.384515432042795, "dataset/Moosmusic - Big Dummy Shake": 9.980779238584246, "dataset/Raft Monk - Tiring": 3.1362485992745865}, "dataset/Bobby Nobody - Stitch Up": {"dataset/Forkupines - Semantics": 6.569504695137907, "dataset/Signe Jakobsen - What Have You Done To Me": 8.335605468935857, "dataset/BKS - Too Much": 7.339468146393191, "dataset/The Easton Ellises (Baumi) - SDRNR": 6.568706359016011, "dataset/AM Contra - Heart Peripheral": 5.6123170267525735}, "dataset/Buitraker - Revo X": {"dataset/Cristina Vane - So Easy": 6.3158396244645765, "dataset/Sambasevam Shanmugam - Kaathaadi": 7.625967243823334, "dataset/Secretariat - Over The Top": 7.4262372064159585, "dataset/We Fell From The Sky - Not You": 4.732759319312647, "dataset/Forkupines - Semantics": 5.8281757826822105}, "dataset/Carlos Gonzalez - A Place For Us": {"dataset/The Easton Ellises (Baumi) - SDRNR": 5.778367378406319, "dataset/Secretariat - Borderline": 6.817585743443818, "dataset/The Sunshine Garcia Band - For I Am The Moon": 6.358017221620159, "dataset/Raft Monk - Tiring": 2.824801266744184, "dataset/Speak Softly - Broken Man": 3.748819209105496}, "dataset/Cristina Vane - So Easy": {}, "dataset/Enda Reilly - Cur An Long Ag Seol": {"dataset/Raft Monk - Tiring": 3.536008561137126, "dataset/Little Chicago's Finest - My Own": 4.146831507910406, "dataset/Signe Jakobsen - What Have You Done To Me": 8.156514505105507, "dataset/Zeno - Signs": 8.69159114670175, "dataset/The Mountaineering Club - Mallory": 7.2943263531825755}, "dataset/Forkupines - Semantics": {"dataset/Timboz - Pony": 1.0062797691826295, "dataset/The Easton Ellises - Falcon 69": 7.233390865457205, "dataset/The Easton Ellises (Baumi) - SDRNR": 6.118906463370929, "dataset/Arise - Run Run Run": 4.222541804954135, "dataset/Secretariat - Borderline": 5.299708407475588}, "dataset/Georgia Wonder - Siren": {"dataset/Motor Tapes - Shore": 6.518617301747382, "dataset/Little Chicago's Finest - My Own": 2.5792474641281937, "dataset/Moosmusic - Big Dummy Shake": 8.583614573434424, "dataset/Triviul feat. The Fiend - Widow": 5.771810916428509, "dataset/Arise - Run Run Run": 4.938968918557731}, "dataset/Girls Under Glass - We Feel Alright": {"dataset/Ben Carrigan - We'll Talk About It All Tonight": 1.9842112667164673, "dataset/Motor Tapes - Shore": 6.859321104740202, "dataset/Triviul feat. The Fiend - Widow": 5.376044641109219, "dataset/Speak Softly - Broken Man": 2.877535081320954, "dataset/Juliet's Rescue - Heartbeats": 4.0292806397750445}, "dataset/Hollow Ground - Ill Fate": {"dataset/The Easton Ellises (Baumi) - SDRNR": 6.370023721238004, "dataset/Sambasevam Shanmugam - Kaathaadi": 6.4930920744742595, "dataset/Enda Reilly - Cur An Long Ag Seol": 6.6140457547337945, "dataset/Skelpolu - Resurrection": -60.74766555382904, "dataset/Moosmusic - Big Dummy Shake": 9.529781204628062}, "dataset/James Elder & Mark M Thompson - The English Actor": {"dataset/Tom McKenzie - Directions": 4.787230608666015, "dataset/PR - Oh No": 3.3823045607449114, "dataset/Angels In Amplifiers - I'm Alright": 7.84176480699127, "dataset/The Doppler Shift - Atrophy": 3.6311014761006306, "dataset/Mu - Too Bright": 5.541888601665175}, "dataset/Juliet's Rescue - Heartbeats": {"dataset/Little Chicago's Finest - My Own": 3.1342629207419743, "dataset/Al James - Schoolboy Facination": 5.896081074285799, "dataset/Angels In Amplifiers - I'm Alright": 8.409247055292255, "dataset/Enda Reilly - Cur An Long Ag Seol": 7.682025655672781, "dataset/The Mountaineering Club - Mallory": 6.81035334524807}, "dataset/Little Chicago's Finest - My Own": {"dataset/PR - Happy Daze": 0.2533561012944533, "dataset/The Easton Ellises (Baumi) - SDRNR": 7.462585331442318, "dataset/BKS - Bulldozer": 4.009951834528013, "dataset/Tom McKenzie - Directions": 8.646041757234865, "dataset/Secretariat - Borderline": 8.058475739549898}, "dataset/Louis Cressy Band - Good Time": {"dataset/Hollow Ground - Ill Fate": 6.1473720823240265, "dataset/Tom McKenzie - Directions": 4.830625716882121, "dataset/Juliet's Rescue - Heartbeats": 4.392074170364307, "dataset/The Easton Ellises - Falcon 69": 7.694014427186273, "dataset/Nerve 9 - Pray For The Rain": 6.030721024854748}, "dataset/Lyndsey Ollard - Catching Up": {"dataset/Little Chicago's Finest - My Own": 7.220950482229234, "dataset/Secretariat - Borderline": 8.430864174872069, "dataset/Sambasevam Shanmugam - Kaathaadi": 9.57075620108142, "dataset/Enda Reilly - Cur An Long Ag Seol": 10.016964121234322, "dataset/The Doppler Shift - Atrophy": 5.375968512697089}, "dataset/M.E.R.C. Music - Knockout": {"dataset/Secretariat - Over The Top": 7.325805973264875, "dataset/Speak Softly - Broken Man": 4.116560751381398, "dataset/AM Contra - Heart Peripheral": 5.310389200522483, "dataset/Carlos Gonzalez - A Place For Us": 5.804627854453351, "dataset/The Mountaineering Club - Mallory": 6.149301062040747}, "dataset/Moosmusic - Big Dummy Shake": {"dataset/BKS - Too Much": 4.626718693002084, "dataset/The Easton Ellises - Falcon 69": 5.966140582692969, "dataset/Side Effects Project - Sing With Me": 5.366116105158115, "dataset/Secretariat - Borderline": 3.6555393298412717, "dataset/Bobby Nobody - Stitch Up": 2.932943465695392}, "dataset/Motor Tapes - Shore": {"dataset/M.E.R.C. Music - Knockout": 3.499514895154097, "dataset/PR - Oh No": -3.5953296365264142, "dataset/Triviul feat. The Fiend - Widow": 3.891001519947207, "dataset/Carlos Gonzalez - A Place For Us": 3.6614602632165294, "dataset/Little Chicago's Finest - My Own": 1.345221190939165}, "dataset/Mu - Too Bright": {"dataset/Motor Tapes - Shore": 7.388233640588597, "dataset/AM Contra - Heart Peripheral": 4.976932387314012, "dataset/Speak Softly - Like Horses": 8.408981664912524, "dataset/The Mountaineering Club - Mallory": 7.722558360191655, "dataset/PR - Happy Daze": 0.007383045136854059},