{"dataset/AM Contra - Heart Peripheral": {"['drums']": 5.93925815380004, "['drums', 'vocals']": 5.431008265681898, "['drums', 'other']": 5.154746168139911, "['bass', 'drums']": 4.954303214280504, "['drums', 'other', 'vocals']": 4.936040727693909, "['bass', 'drums', 'vocals']": 4.732142961941947, "['bass', 'drums', 'other']": 4.502115237742864, "['bass', 'drums', 'other', 'vocals']": 4.385820660360905}, "dataset/Al James - Schoolboy Facination": {"['drums']": 4.654035710824712, "['drums', 'vocals']": 3.7969429104145647, "['drums', 'other']": 4.256146108626559, "['bass', 'drums']": 3.4254183608325226, "['drums', 'other', 'vocals']": 3.593173805413799, "['bass', 'drums', 'vocals']": 2.878795899374978, "['bass', 'drums', 'other']": 3.2526034958596197, "['bass', 'drums', 'other', 'vocals']": 2.747410484170442}, "dataset/Angels In Amplifiers - I'm Alright": {"['drums']": 8.383263085693232, "['drums', 'vocals']": 7.067540779381551, "['drums', 'other']": 6.661815940846044, "['bass', 'drums']": 6.030208464614146, "['drums', 'other', 'vocals']": 6.143124381114293, "['bass', 'drums', 'vocals']": 5.562578657810162, "['bass', 'drums', 'other']": 5.577977822658702, "['bass', 'drums', 'other', 'vocals']": 5.1753299458791755}, "dataset/Arise - Run Run Run": {"['drums']": 8.3319978643067, "['drums', 'vocals']": 7.90543047517995, "['drums', 'other']": 0.733724538648836, "['bass', 'drums']": 4.872176667733397, "['drums', 'other', 'vocals']": 0.9040269597578289, "['bass', 'drums', 'vocals']": 4.903592376797, "['bass', 'drums', 'other']": 0.33052013473929, "['bass', 'drums', 'other', 'vocals']": 0.16354674193249863}, "dataset/BKS - Bulldozer": {"['drums']": 12.087610154292474, "['drums', 'vocals']": 11.052919902494494, "['drums', 'other']": 9.470017625900562, "['bass', 'drums']": 9.27939168479176, "['drums', 'other', 'vocals']": 9.148055321554875, "['bass', 'drums', 'vocals']": 8.902317194986344, "['bass', 'drums', 'other']": 8.175351108773189, "['bass', 'drums', 'other', 'vocals']": 7.994508846671292}, "dataset/BKS - Too Much": {"['drums']": 7.374630343952418, "['drums', 'vocals']": 6.127278088949639, "['drums', 'other']": 6.375161495583926, "['bass', 'drums']": 5.021088396630344, "['drums', 'other', 'vocals']": 5.640007648623504, "['bass', 'drums', 'vocals']": 4.586365219722623, "['bass', 'drums', 'other']": 5.098239110419386, "['bass', 'drums', 'other', 'vocals']": 4.654037275820835}, "dataset/Ben Carrigan - We'll Talk About It All Tonight": {"['drums']": 9.735721075945216, "['drums', 'vocals']": 7.959489037397043, "['drums', 'other']": 7.184438790072073, "['bass', 'drums']": 7.091689799438625, "['drums', 'other', 'vocals']": 6.675300340170615, "['bass', 'drums', 'vocals']": 6.334438558173944, "['bass', 'drums', 'other']": 5.893934784462923, "['bass', 'drums', 'other', 'vocals']": 5.56676359669102}, "dataset/Bobby Nobody - Stitch Up": {"['drums']": 7.012591857993069, "['drums', 'vocals']": 5.2352873623182585, "['drums', 'other']": 4.047914835786162, "['bass', 'drums']": 5.2080024397826055, "['drums', 'other', 'vocals']": 3.574026776795916, "['bass', 'drums', 'vocals']": 4.331365568004829, "['bass', 'drums', 'other']": 3.7497155743243917, "['bass', 'drums', 'other', 'vocals']": 3.34676126191654}, "dataset/Buitraker - Revo X": {"['drums']": 6.815359695669731, "['drums', 'vocals']": 6.114464912801509, "['drums', 'other']": 6.298561422693708, "['bass', 'drums']": 5.994358334890721, "['drums', 'other', 'vocals']": 6.1285485575723015, "['bass', 'drums', 'vocals']": 5.817889343764929, "['bass', 'drums', 'other']": 5.888551481425344, "['bass', 'drums', 'other', 'vocals']": 5.787146415452278}, "dataset/Carlos Gonzalez - A Place For Us": {"['drums']": 6.676972673258785, "['drums', 'vocals']": 4.755971168674513, "['drums', 'other']": 4.5439637308930685, "['bass', 'drums']": 5.395591554663291, "['drums', 'other', 'vocals']": 3.961080382074847, "['bass', 'drums', 'vocals']": 4.118205785742694, "['bass', 'drums', 'other']": 4.076855601522132, "['bass', 'drums', 'other', 'vocals']": 3.601819566061986}, "dataset/Cristina Vane - So Easy": {}, "dataset/Detsky Sad - Walkie Talkie": {"['drums']": 3.6368605899756052, "['drums', 'vocals']": 3.4443837330306537, "['drums', 'other']": 3.168580868603781, "['bass', 'drums']": 3.3652441333198935, "['drums', 'other', 'vocals']": 3.0206654549053935, "['bass', 'drums', 'vocals']": 3.2318107786751336, "['bass', 'drums', 'other']": 3.001498384110634, "['bass', 'drums', 'other', 'vocals']": 2.882925005603965}, "dataset/Enda Reilly - Cur An Long Ag Seol": {"['drums']": 4.257361735866597, "['drums', 'vocals']": 3.2595520199378902, "['drums', 'other']": 4.203340228912113, "['bass', 'drums']": 3.166380132644195, "['drums', 'other', 'vocals']": 3.2750584019419997, "['bass', 'drums', 'vocals']": 2.6759183550558756, "['bass', 'drums', 'other']": 3.098503511630634, "['bass', 'drums', 'other', 'vocals']": 2.615488744320127}, "dataset/Forkupines - Semantics": {"['drums']": 9.163100546175036, "['drums', 'vocals']": 8.703705164064283, "['drums', 'other']": 7.999679848867428, "['bass', 'drums']": 8.393378497199793, "['drums', 'other', 'vocals']": 7.824913962408462, "['bass', 'drums', 'vocals']": 8.119602266204522, "['bass', 'drums', 'other']": 7.558986604397404, "['bass', 'drums', 'other', 'vocals']": 7.428469192723149}, "dataset/Georgia Wonder - Siren": {"['drums']": 7.122745516996853, "['drums', 'vocals']": 6.866900122597985, "['drums', 'other']": 6.739743875209396, "['bass', 'drums']": 5.272520403561643, "['drums', 'other', 'vocals']": 6.452345001613469, "['bass', 'drums', 'vocals']": 5.143332941688095, "['bass', 'drums', 'other']": 4.995547165638101, "['bass', 'drums', 'other', 'vocals']": 4.8485060320173865}, "dataset/Girls Under Glass - We Feel Alright": {"['drums']": 6.671369581173821, "['drums', 'vocals']": 6.627047215356871, "['drums', 'other']": 6.969943899081693, "['bass', 'drums']": 5.430464166817178, "['drums', 'other', 'vocals']": 6.759913166632666, "['bass', 'drums', 'vocals']": 5.390843854559584, "['bass', 'drums', 'other']": 5.534430997060424, "['bass', 'drums', 'other', 'vocals']": 5.411129391915432}, "dataset/Hollow Ground - Ill Fate": {"['drums']": 8.68013578716101, "['drums', 'vocals']": 6.667604405562342, "['drums', 'other']": 3.0855051042580834, "['bass', 'drums']": 4.044814763810481, "['drums', 'other', 'vocals']": 3.0232266475295915, "['bass', 'drums', 'vocals']": 4.00153596226425, "['bass', 'drums', 'other']": 2.5630372039505884, "['bass', 'drums', 'other', 'vocals']": 2.4643671488360934}, "dataset/James Elder & Mark M Thompson - The English Actor": {"['drums']": 9.536960072657038, "['drums', 'vocals']": 8.418057613338094, "['drums', 'other']": 7.6344000624779005, "['bass', 'drums']": 7.748957866682089, "['drums', 'other', 'vocals']": 7.2585071405380575, "['bass', 'drums', 'vocals']": 7.14213452960894, "['bass', 'drums', 'other']": 6.712105215725456, "['bass', 'drums', 'other', 'vocals']": 6.396048148695012}, "dataset/Juliet's Rescue - Heartbeats": {"['drums']": 11.625637665300157, "['drums', 'vocals']": 11.139215303766521, "['drums', 'other']": 9.841334701435054, "['bass', 'drums']": 10.979843403532232, "['drums', 'other', 'vocals']": 9.7138385368545, "['bass', 'drums', 'vocals']": 10.714627054484932, "['bass', 'drums', 'other']": 9.605292276620665, "['bass', 'drums', 'other', 'vocals']": 9.503000841914305}, "dataset/Little Chicago's Finest - My Own": {"['drums']": 2.8316980175610333, "['drums', 'vocals']": 2.544462374377894, "['drums', 'other']": 3.026969726502165, "['bass', 'drums']": 2.7679006367442676, "['drums', 'other', 'vocals']": 2.6562685654465623, "['bass', 'drums', 'vocals']": 2.471351952773144, "['bass', 'drums', 'other']": 2.938979541113796, "['bass', 'drums', 'other', 'vocals']": 2.5716076948349413}, "dataset/Louis Cressy Band - Good Time": {"['drums']": 9.58957524338391, "['drums', 'vocals']": 8.41390834330331, "['drums', 'other']": 7.506596802259743, "['bass', 'drums']": 8.337260311516442,